{"inputUnits":[34],"outputUnits":4,"inputs":{"0":{"dtype":"number","min":62.90987957312439,"max":591.8335323111093},"1":{"dtype":"number","min":137.52063439513924,"max":299.11007298569734},"2":{"dtype":"number","min":68.59783840550523,"max":628.0225357471273},"3":{"dtype":"number","min":107.75514120257782,"max":291.5850129480028},"4":{"dtype":"number","min":26.931081096485894,"max":587.4209167242977},"5":{"dtype":"number","min":107.53375932864179,"max":290.7619051803411},"6":{"dtype":"number","min":123.001713437329,"max":638.9937973022461},"7":{"dtype":"number","min":139.17444726372509,"max":333.33863967123665},"8":{"dtype":"number","min":17.29610220467534,"max":545.5478107140685},"9":{"dtype":"number","min":139.26347784495076,"max":396.6146482475073},"10":{"dtype":"number","min":291.71613047558975,"max":612.1026468833597},"11":{"dtype":"number","min":273.5657254823915,"max":463.12757796350616},"12":{"dtype":"number","min":62.76069848917802,"max":384.37828449887525},"13":{"dtype":"number","min":280.16627864615,"max":453.5004956434673},"14":{"dtype":"number","min":485.6635198333384,"max":647.9206082236442},"15":{"dtype":"number","min":499.0168091295294,"max":602.2785920020672},"16":{"dtype":"number","min":1.0068734610590953,"max":180.93591593582806},"17":{"dtype":"number","min":181.03081016688958,"max":596.2393746580132},"18":{"dtype":"number","min":388.3148810835664,"max":608.678552056101},"19":{"dtype":"number","min":405.22268569886916,"max":592.4037235720149},"20":{"dtype":"number","min":23.25206118335056,"max":284.11363178653943},"21":{"dtype":"number","min":93.13810237186891,"max":587.7533315220695},"22":{"dtype":"number","min":351.5723321224465,"max":501.713583385898},"23":{"dtype":"number","min":545.8505082779822,"max":605.293899714251},"24":{"dtype":"number","min":111.62504084843142,"max":312.7841447763406},"25":{"dtype":"number","min":512.5132733653028,"max":595.7037163522921},"26":{"dtype":"number","min":340.0490323671571,"max":528.4623902317151},"27":{"dtype":"number","min":483.9934447767206,"max":567.0234371437637},"28":{"dtype":"number","min":92.39159016293775,"max":310.77573486803107},"29":{"dtype":"number","min":498.905428281554,"max":579.8225800629256},"30":{"dtype":"number","min":306.5651183369559,"max":528.8462978021644},"31":{"dtype":"number","min":557.4546918330954,"max":580.5552251793531},"32":{"dtype":"number","min":107.07282990333171,"max":305.7959637474921},"33":{"dtype":"number","min":544.6016256725742,"max":577.0890766544564}},"outputs":{"0":{"dtype":"string","min":0,"max":1,"uniqueValues":["e","l","r","a"],"legend":{"e":[1,0,0,0],"l":[0,1,0,0],"r":[0,0,1,0],"a":[0,0,0,1]}}},"isNormalized":true}