{"inputUnits":[34],"outputUnits":4,"inputs":{"0":{"dtype":"number","min":231.38213576973644,"max":443.03499570616486},"1":{"dtype":"number","min":135.8514903027724,"max":211.29912142623726},"2":{"dtype":"number","min":239.1360642659525,"max":468.8557291587503},"3":{"dtype":"number","min":124.49296172026993,"max":194.8067821695647},"4":{"dtype":"number","min":212.67851951985045,"max":434.94319099396586},"5":{"dtype":"number","min":127.47892624673213,"max":211.7140797418379},"6":{"dtype":"number","min":265.45829446399256,"max":470.98695035110654},"7":{"dtype":"number","min":135.51815047802165,"max":208.5912409088491},"8":{"dtype":"number","min":198.89723874251666,"max":403.7465973494118},"9":{"dtype":"number","min":139.2911847185068,"max":227.04783992544685},"10":{"dtype":"number","min":314.1833427815122,"max":445.1439093801298},"11":{"dtype":"number","min":199.00301406355686,"max":297.4766023984679},"12":{"dtype":"number","min":200.80949286078666,"max":341.98168684072533},"13":{"dtype":"number","min":173.89027873829644,"max":286.1114181340437},"14":{"dtype":"number","min":374.76674120713767,"max":496.7936379993008},"15":{"dtype":"number","min":132.18965166737598,"max":384.563937057317},"16":{"dtype":"number","min":132.11616961408683,"max":355.4453428988327},"17":{"dtype":"number","min":97.41876505692181,"max":371.56519195912875},"18":{"dtype":"number","min":380.05150345976716,"max":573.854170624848},"19":{"dtype":"number","min":59.19223058084569,"max":459.4863238501641},"20":{"dtype":"number","min":28.755774590755717,"max":472.65295362658077},"21":{"dtype":"number","min":32.21240210625912,"max":493.9008090839312},"22":{"dtype":"number","min":283.86877631398954,"max":419.9241086017297},"23":{"dtype":"number","min":425.262433360059,"max":461.2110799945282},"24":{"dtype":"number","min":221.99851663196134,"max":412.52914013101895},"25":{"dtype":"number","min":415.51617455389714,"max":470.4415644189263},"26":{"dtype":"number","min":234.18576518849176,"max":390.40331888755475},"27":{"dtype":"number","min":567.4322301961105,"max":593.822565338491},"28":{"dtype":"number","min":209.2309522814324,"max":405.20733666327214},"29":{"dtype":"number","min":560.2101675545659,"max":591.9163020390017},"30":{"dtype":"number","min":235.76156616210938,"max":402.01345183969937},"31":{"dtype":"number","min":508.70411498073474,"max":571.8658007907496},"32":{"dtype":"number","min":232.18598718309218,"max":439.9083870023141},"33":{"dtype":"number","min":492.24175954143357,"max":571.3287864121017}},"outputs":{"0":{"dtype":"string","min":0,"max":1,"uniqueValues":["e","l","r","a"],"legend":{"e":[1,0,0,0],"l":[0,1,0,0],"r":[0,0,1,0],"a":[0,0,0,1]}}},"isNormalized":true}