{"inputUnits":[34],"outputUnits":3,"inputs":{"0":{"dtype":"number","min":217.47392943860956,"max":408.4987797718568},"1":{"dtype":"number","min":138.91110193868556,"max":189.43613430869254},"2":{"dtype":"number","min":231.8624569191543,"max":427.63138114246414},"3":{"dtype":"number","min":127.3009642367233,"max":189.42175601706896},"4":{"dtype":"number","min":201.24095456609467,"max":404.16756952783015},"5":{"dtype":"number","min":125.03676299455103,"max":180.2883661767388},"6":{"dtype":"number","min":259.9613079857734,"max":435.6554397998617},"7":{"dtype":"number","min":139.3716703778575,"max":213.43522127500302},"8":{"dtype":"number","min":187.69197456567667,"max":376.35672840162937},"9":{"dtype":"number","min":131.8377614299611,"max":193.89467528821893},"10":{"dtype":"number","min":309.34510642916314,"max":437.8854584601139},"11":{"dtype":"number","min":193.1076524786448,"max":281.6650447029084},"12":{"dtype":"number","min":200.16620331701137,"max":323.10420618910734},"13":{"dtype":"number","min":189.49542806306238,"max":259.75718932393},"14":{"dtype":"number","min":398.90304825185336,"max":528.6412386764348},"15":{"dtype":"number","min":143.81362974411783,"max":352.30479140226015},"16":{"dtype":"number","min":121.32718097375061,"max":256.024302916768},"17":{"dtype":"number","min":125.71920313259972,"max":347.5332843468811},"18":{"dtype":"number","min":421.9960574138953,"max":638.8903354392442},"19":{"dtype":"number","min":85.80131026093599,"max":451.7365060056694},"20":{"dtype":"number","min":54.13515677247994,"max":304.324165077061},"21":{"dtype":"number","min":67.04229451339069,"max":405.3241821764044},"22":{"dtype":"number","min":354.85916998599754,"max":406.22031838977387},"23":{"dtype":"number","min":395.39084675710956,"max":430.0550877908788},"24":{"dtype":"number","min":258.9455333665187,"max":314.34126293612826},"25":{"dtype":"number","min":390.031572631361,"max":426.9640970786722},"26":{"dtype":"number","min":347.7593044177104,"max":509.2180399022678},"27":{"dtype":"number","min":459.29618746390145,"max":558.2821799252284},"28":{"dtype":"number","min":232.68908430166283,"max":330.94343370964555},"29":{"dtype":"number","min":486.24432040559645,"max":563.2037442574705},"30":{"dtype":"number","min":312.11807191603845,"max":520.3527492122428},"31":{"dtype":"number","min":539.9028329812136,"max":570.3778111795507},"32":{"dtype":"number","min":242.62627716658181,"max":362.4641275962503},"33":{"dtype":"number","min":550.8759025840908,"max":575.9654621762525}},"outputs":{"0":{"dtype":"string","min":0,"max":1,"uniqueValues":["l","r","o"],"legend":{"l":[1,0,0],"r":[0,1,0],"o":[0,0,1]}}},"isNormalized":true}