{"inputUnits":[34],"outputUnits":4,"inputs":{"0":{"dtype":"number","min":207.6557791743297,"max":417.5377468005229},"1":{"dtype":"number","min":175.60231962092655,"max":215.17940654828857},"2":{"dtype":"number","min":211.82167973499818,"max":436.8447493022518},"3":{"dtype":"number","min":165.56180664537482,"max":211.88777344699963},"4":{"dtype":"number","min":182.2017233288242,"max":408.5056016973948},"5":{"dtype":"number","min":169.79175493411054,"max":205.5956930316376},"6":{"dtype":"number","min":246.31681687173213,"max":455.1380202000243},"7":{"dtype":"number","min":171.85070468294018,"max":227.75917142281736},"8":{"dtype":"number","min":175.60030688571558,"max":387.95737656174003},"9":{"dtype":"number","min":179.34146272533133,"max":228.7549291232217},"10":{"dtype":"number","min":312.3201523124012,"max":446.15293569601926},"11":{"dtype":"number","min":214.36210424519697,"max":306.60676473773407},"12":{"dtype":"number","min":201.36490966559384,"max":363.7982272730727},"13":{"dtype":"number","min":214.94285138200695,"max":292.1041347637251},"14":{"dtype":"number","min":384.7538858257843,"max":517.9386962619737},"15":{"dtype":"number","min":164.7462225888026,"max":383.3339753503466},"16":{"dtype":"number","min":160.94670574024957,"max":316.91307928775535},"17":{"dtype":"number","min":140.08203884970817,"max":392.56616080317514},"18":{"dtype":"number","min":329.7370548470939,"max":588.5531782454553},"19":{"dtype":"number","min":91.43656927323991,"max":464.35079255456594},"20":{"dtype":"number","min":59.36592309855302,"max":275.87615135578795},"21":{"dtype":"number","min":54.86555878754257,"max":487.5637419585588},"22":{"dtype":"number","min":343.4270112152693,"max":381.9904941900231},"23":{"dtype":"number","min":403.8357941742537,"max":460.5774756999331},"24":{"dtype":"number","min":263.59847131870134,"max":305.5291938039579},"25":{"dtype":"number","min":399.8495081148259,"max":452.0043161592595},"26":{"dtype":"number","min":356.746271185374,"max":500.2877368259059},"27":{"dtype":"number","min":458.9029678760336,"max":572.6529417520368},"28":{"dtype":"number","min":147.98744646955558,"max":290.6196018322896},"29":{"dtype":"number","min":445.7841402640139,"max":574.6543415232856},"30":{"dtype":"number","min":359.75356692006153,"max":509.2348091333293},"31":{"dtype":"number","min":502.99563040529245,"max":589.4310050994042},"32":{"dtype":"number","min":161.30804900529319,"max":318.67141847944447},"33":{"dtype":"number","min":540.0892846964676,"max":579.770617058305}},"outputs":{"0":{"dtype":"string","min":0,"max":1,"uniqueValues":["e","l","r","a"],"legend":{"e":[1,0,0,0],"l":[0,1,0,0],"r":[0,0,1,0],"a":[0,0,0,1]}}},"isNormalized":true}