{"inputUnits":[34],"outputUnits":4,"inputs":{"0":{"dtype":"number","min":280.3004986952251,"max":383.790803308153},"1":{"dtype":"number","min":147.24558314460725,"max":177.01316981927897},"2":{"dtype":"number","min":296.3618985780946,"max":405.4482396938458},"3":{"dtype":"number","min":134.23344712313047,"max":170.17375664024502},"4":{"dtype":"number","min":262.9262058836941,"max":371.5705806272039},"5":{"dtype":"number","min":136.67460994497813,"max":160.23195904980375},"6":{"dtype":"number","min":332.20154521066394,"max":424.58726934885703},"7":{"dtype":"number","min":139.18400627165917,"max":191.991235755297},"8":{"dtype":"number","min":242.37788129873314,"max":342.4481604906372},"9":{"dtype":"number","min":147.3066491746717,"max":177.198087343446},"10":{"dtype":"number","min":374.87653799094113,"max":417.8781923524137},"11":{"dtype":"number","min":205.67276179094722,"max":273.1209353435828},"12":{"dtype":"number","min":231.7782248411661,"max":276.0204279561915},"13":{"dtype":"number","min":198.86537982332106,"max":277.2764234134659},"14":{"dtype":"number","min":428.9987996023453,"max":498.3865107079888},"15":{"dtype":"number","min":148.8391659510275,"max":374.38947981897496},"16":{"dtype":"number","min":129.73522023004315,"max":224.42286153711697},"17":{"dtype":"number","min":144.1773007166525,"max":383.2367299595696},"18":{"dtype":"number","min":395.12669425994045,"max":605.8538402750335},"19":{"dtype":"number","min":67.91473626162755,"max":492.47824346045115},"20":{"dtype":"number","min":-8.80497973252827,"max":239.47385565316168},"21":{"dtype":"number","min":33.67893738505441,"max":486.7701590571422},"22":{"dtype":"number","min":364.59829248806847,"max":401.50357940317593},"23":{"dtype":"number","min":442.9156494140625,"max":471.7824878024684},"24":{"dtype":"number","min":255.8030184140929,"max":287.2493355005168},"25":{"dtype":"number","min":439.1751514241853,"max":496.6100979222398},"26":{"dtype":"number","min":351.2473864128618,"max":493.4096245079189},"27":{"dtype":"number","min":559.6683846559042,"max":593.8290155908013},"28":{"dtype":"number","min":128.72784210086334,"max":337.79397927369587},"29":{"dtype":"number","min":509.3538728112841,"max":595.3514366298334},"30":{"dtype":"number","min":355.641247344852,"max":472.5765741845513},"31":{"dtype":"number","min":540.8269681819219,"max":572.5829163785111},"32":{"dtype":"number","min":103.02534407678745,"max":371.70568681412635},"33":{"dtype":"number","min":512.3644336744969,"max":572.6645241822714}},"outputs":{"0":{"dtype":"string","min":0,"max":1,"uniqueValues":["e","l","r","a"],"legend":{"e":[1,0,0,0],"l":[0,1,0,0],"r":[0,0,1,0],"a":[0,0,0,1]}}},"isNormalized":true}