{"inputUnits":[34],"outputUnits":4,"inputs":{"0":{"dtype":"number","min":204.12763395198124,"max":398.41821302467747},"1":{"dtype":"number","min":204.61224210865305,"max":334.3740951597459},"2":{"dtype":"number","min":222.60915080860894,"max":418.11802608029853},"3":{"dtype":"number","min":201.19268751329952,"max":324.8503979634682},"4":{"dtype":"number","min":189.40392876413546,"max":383.20659474176193},"5":{"dtype":"number","min":182.11660422239788,"max":320.1658165779559},"6":{"dtype":"number","min":236.50354882622509,"max":438.03214427562074},"7":{"dtype":"number","min":224.37163594167987,"max":329.53146492924674},"8":{"dtype":"number","min":151.49803606916495,"max":355.34800458974877},"9":{"dtype":"number","min":176.9550249270428,"max":327.19328646529976},"10":{"dtype":"number","min":230.22988879727018,"max":482.0923320606989},"11":{"dtype":"number","min":263.6183041821194,"max":383.1469132835299},"12":{"dtype":"number","min":97.84839555911053,"max":309.711237213491},"13":{"dtype":"number","min":246.5441366114041,"max":379.18141643360894},"14":{"dtype":"number","min":304.2428303878131,"max":607.4294034609071},"15":{"dtype":"number","min":165.68290265153817,"max":485.0756485638451},"16":{"dtype":"number","min":32.50339849449781,"max":264.49036831985654},"17":{"dtype":"number","min":118.06426883207686,"max":364.0331158471015},"18":{"dtype":"number","min":270.8084498305265,"max":634.3115391712709},"19":{"dtype":"number","min":48.50597277689536,"max":443.9216251595939},"20":{"dtype":"number","min":-6.938700991381931,"max":358.98310204888134},"21":{"dtype":"number","min":18.68965119239421,"max":317.3036708163844},"22":{"dtype":"number","min":197.13785861716661,"max":423.0329319104146},"23":{"dtype":"number","min":452.1109816258056,"max":576.4921148277906},"24":{"dtype":"number","min":96.52610571004074,"max":301.9123775022039},"25":{"dtype":"number","min":455.1274209820343,"max":573.7907712468841},"26":{"dtype":"number","min":233.64470307465194,"max":440.8322392920112},"27":{"dtype":"number","min":521.8976397087602,"max":592.4344311428441},"28":{"dtype":"number","min":142.8240895549611,"max":287.44333408222127},"29":{"dtype":"number","min":547.1988211902664,"max":601.7605626443944},"30":{"dtype":"number","min":223.08643741830315,"max":468.2578464611959},"31":{"dtype":"number","min":483.4408581210481,"max":579.1362694172544},"32":{"dtype":"number","min":142.5691668439932,"max":317.74011515457806},"33":{"dtype":"number","min":549.8253860176769,"max":583.9151844069188}},"outputs":{"0":{"dtype":"string","min":0,"max":1,"uniqueValues":["y","m","c","a"],"legend":{"y":[1,0,0,0],"m":[0,1,0,0],"c":[0,0,1,0],"a":[0,0,0,1]}}},"isNormalized":true}