{"inputUnits":[34],"outputUnits":4,"inputs":{"0":{"dtype":"number","min":223.62518429292317,"max":381.4364006547149},"1":{"dtype":"number","min":176.01282973233828,"max":241.27784164963066},"2":{"dtype":"number","min":238.81638955513327,"max":391.2109422498176},"3":{"dtype":"number","min":165.17230557096607,"max":226.4614571300462},"4":{"dtype":"number","min":213.25746291342412,"max":379.05263225392144},"5":{"dtype":"number","min":163.27322518315296,"max":227.97477514363447},"6":{"dtype":"number","min":259.2566559194127,"max":396.8492742456815},"7":{"dtype":"number","min":173.67700480301556,"max":237.8417265183267},"8":{"dtype":"number","min":194.06737093795599,"max":344.5862089520762},"9":{"dtype":"number","min":171.57889874528817,"max":239.77413956757186},"10":{"dtype":"number","min":229.76552703501187,"max":401.240516692284},"11":{"dtype":"number","min":223.38852463065416,"max":310.5591627781493},"12":{"dtype":"number","min":154.8384500941414,"max":326.14263037299366},"13":{"dtype":"number","min":207.7099110644151,"max":287.1799875697273},"14":{"dtype":"number","min":222.07911034966259,"max":513.7162332497683},"15":{"dtype":"number","min":131.934959322562,"max":400.4652949529863},"16":{"dtype":"number","min":75.00791111808806,"max":378.8444192493008},"17":{"dtype":"number","min":113.58539032101169,"max":415.88624234329404},"18":{"dtype":"number","min":261.21291579903334,"max":569.472614689096},"19":{"dtype":"number","min":59.89097149919442,"max":393.5214408547962},"20":{"dtype":"number","min":37.82654906989072,"max":463.75092858934215},"21":{"dtype":"number","min":48.85774961241489,"max":389.7738119043729},"22":{"dtype":"number","min":203.30263872554795,"max":387.71299250858766},"23":{"dtype":"number","min":398.9851211666597,"max":523.7621530020747},"24":{"dtype":"number","min":122.10138877542103,"max":286.76346715786116},"25":{"dtype":"number","min":396.24785605107763,"max":481.1432739732794},"26":{"dtype":"number","min":244.5460931800219,"max":451.72192169070706},"27":{"dtype":"number","min":448.28998847694254,"max":541.6562507124727},"28":{"dtype":"number","min":163.02280262750412,"max":421.5153438107977},"29":{"dtype":"number","min":437.4089538633591,"max":554.3326031280399},"30":{"dtype":"number","min":233.12637804083323,"max":468.2296147327943},"31":{"dtype":"number","min":531.2331535844023,"max":571.5246677027602},"32":{"dtype":"number","min":149.3657105442151,"max":434.74734770184824},"33":{"dtype":"number","min":512.0150721212306,"max":576.0216715178137}},"outputs":{"0":{"dtype":"string","min":0,"max":1,"uniqueValues":["y","m","c","a"],"legend":{"y":[1,0,0,0],"m":[0,1,0,0],"c":[0,0,1,0],"a":[0,0,0,1]}}},"isNormalized":true}